ticker,next_earnings
360ONE.NS,2026-10-15
ABB.NS,2026-07-31
ACC.NS,2026-07-24
AIAENG.NS,2026-08-12
APLAPOLLO.NS,2026-07-23
AUBANK.NS,2026-07-25
AARTIIND.NS,2026-07-30
AAVAS.NS,2026-05-05
ABBOTINDIA.NS,2026-08-11
ADANIENSOL.NS,2026-07-21
ADANIENT.NS,2026-07-29
ADANIGREEN.NS,2026-07-22
ADANIPORTS.NS,2026-07-29
ADANIPOWER.NS,2026-07-22
ATGL.NS,2026-07-21
ABCAPITAL.NS,2026-08-04
ABFRL.NS,2026-08-13
ALKEM.NS,2026-08-12
AMBUJACEM.NS,2026-07-28
APOLLOHOSP.NS,2026-08-12
APOLLOTYRE.NS,2026-08-06
ASHOKLEY.NS,2026-08-20
ASIANPAINT.NS,2026-07-29
ASTRAL.NS,2026-08-17
ATUL.NS,2026-07-24
AUROPHARMA.NS,2026-08-04
DMART.NS,2026-10-10
AXISBANK.NS,2026-07-18
BAJAJ-AUTO.NS,2026-07-21
BAJFINANCE.NS,2026-07-30
BAJAJFINSV.NS,2026-07-31
BAJAJHLDNG.NS,2026-07-31
BALKRISIND.NS,2026-07-23
BANDHANBNK.NS,2026-07-21
BANKBARODA.NS,2026-07-24
BATAINDIA.NS,2026-08-10
BAYERCROP.NS,2026-08-06
BERGEPAINT.NS,2026-08-04
BDL.NS,2026-08-11
BEL.NS,2026-07-27
BHARATFORG.NS,2026-08-05
BHEL.NS,2026-07-16
BPCL.NS,2026-07-22
BHARTIARTL.NS,2026-08-04
BIOCON.NS,2026-08-06
BSOFT.NS,2026-08-06
BLUESTARCO.NS,2026-08-05
BOSCHLTD.NS,2026-08-10
BRIGADE.NS,2026-05-06
BRITANNIA.NS,2026-08-05
CESC.NS,2026-07-29
CGPOWER.NS,2026-07-24
CANBK.NS,2026-07-23
CARBORUNIV.NS,2026-08-06
CASTROLIND.NS,2026-04-28
CHAMBLFERT.NS,2026-08-06
CHOLAHLDNG.NS,2026-08-07
CHOLAFIN.NS,2026-07-28
CIPLA.NS,2026-07-23
CUB.NS,2026-04-27
CLEAN.NS,2026-07-23
COALINDIA.NS,2026-07-27
COFORGE.NS,2026-07-27
COLPAL.NS,2026-07-29
CAMS.NS,2026-08-03
CONCOR.NS,2026-07-24
COROMANDEL.NS,2026-07-28
CROMPTON.NS,2026-08-06
CUMMINSIND.NS,2026-08-05
CYIENT.NS,2026-07-23
DLF.NS,2026-08-04
DABUR.NS,2026-07-29
DALBHARAT.NS,2026-07-22
DEEPAKNTR.NS,2026-08-12
DELHIVERY.NS,2026-07-31
DEVYANI.NS,2026-08-13
DIVISLAB.NS,2026-08-05
DIXON.NS,2026-07-22
LALPATHLAB.NS,2026-07-24
DRREDDY.NS,2026-07-22
EICHERMOT.NS,2026-07-30
ELGIEQUIP.NS,2026-08-11
EMAMILTD.NS,2026-08-04
ESCORTS.NS,2026-08-03
ETERNAL.NS,2026-07-22
EXIDEIND.NS,2026-08-04
NYKAA.NS,2026-08-12
FEDERALBNK.NS,2026-07-17
FINCABLES.NS,2026-08-11
FORTIS.NS,2026-08-06
GAIL.NS,2026-07-28
GMRAIRPORT.NS,2026-07-29
GLAND.NS,2026-08-05
GLENMARK.NS,2026-08-13
GODREJCP.NS,2026-08-07
GODREJIND.NS,2026-08-12
GODREJPROP.NS,2026-07-30
GRASIM.NS,2026-08-06
FLUOROCHEM.NS,2026-08-04
HCLTECH.NS,2026-10-12
HDFCAMC.NS,2026-10-15
HDFCBANK.NS,2026-07-18
HDFCLIFE.NS,2026-10-15
HAVELLS.NS,2026-07-17
HEROMOTOCO.NS,2026-08-05
HINDALCO.NS,2026-08-07
HAL.NS,2026-08-11
HINDPETRO.NS,2026-08-06
HINDUNILVR.NS,2026-07-28
HINDZINC.NS,2026-07-21
HONAUT.NS,2026-08-06
ICICIBANK.NS,2026-07-18
ICICIGI.NS,2026-10-13
ICICIPRULI.NS,2026-10-13
IDFCFIRSTB.NS,2026-07-25
IIFL.NS,2026-07-29
ITC.NS,2026-07-31
INDIAMART.NS,2026-07-21
INDIANB.NS,2026-10-08
IEX.NS,2026-07-23
INDHOTEL.NS,2026-07-21
IOC.NS,2026-08-13
IRCTC.NS,2026-08-13
IRFC.NS,2026-07-23
IGL.NS,2026-07-30
INDUSTOWER.NS,2026-07-30
INDUSINDBK.NS,2026-07-22
NAUKRI.NS,2026-08-07
INFY.NS,2026-07-23
INDIGO.NS,2026-07-30
IPCALAB.NS,2026-08-10
JKCEMENT.NS,2026-07-18
JSWENERGY.NS,2026-07-30
JSWSTEEL.NS,2026-07-17
JSL.NS,2026-08-05
JINDALSTEL.NS,2026-07-24
JUBLFOOD.NS,2026-08-19
JUBLPHARMA.NS,2026-08-07
KPRMILL.NS,2026-08-06
KEI.NS,2026-07-23
KPITTECH.NS,2026-07-29
KAJARIACER.NS,2026-07-21
KPIL.NS,2026-08-06
KARURVYSYA.NS,2026-07-20
KOTAKBANK.NS,2026-07-18
KIMS.NS,2026-08-06
LTF.NS,2026-07-10
LTTS.NS,2026-07-14
LICHSGFIN.NS,2026-07-31
LTM.NS,2026-10-12
LT.NS,2026-07-28
LAURUSLABS.NS,2026-07-24
LEMONTREE.NS,2026-08-06
LICI.NS,2026-08-06
LINDEINDIA.NS,2026-08-06
LODHA.NS,2026-04-24
LUPIN.NS,2026-08-05
MRF.NS,2026-05-07
MGL.NS,2026-07-22
M&MFIN.NS,2026-07-21
M&M.NS,2026-07-30
MANAPPURAM.NS,2026-05-04
MANKIND.NS,2026-08-06
MARICO.NS,2026-08-04
MARUTI.NS,2026-07-31
MFSL.NS,2026-08-13
MAXHEALTH.NS,2026-08-20
MSUMI.NS,2026-07-28
MPHASIS.NS,2026-07-23
MCX.NS,2026-07-30
MUTHOOTFIN.NS,2026-08-12
NATCOPHARM.NS,2026-08-12
NCC.NS,2026-08-04
NHPC.NS,2026-08-12
NMDC.NS,2026-08-12
NTPC.NS,2026-07-29
NATIONALUM.NS,2026-07-30
NAVINFLUOR.NS,2026-08-05
NESTLEIND.NS,2026-07-22
OBEROIRLTY.NS,2026-07-17
ONGC.NS,2026-08-11
OIL.NS,2026-08-12
PAYTM.NS,2026-07-20
OFSS.NS,2026-07-22
POLICYBZR.NS,2026-07-30
PIIND.NS,2026-08-18
PVRINOX.NS,2026-08-06
PAGEIND.NS,2026-08-13
PATANJALI.NS,2026-07-23
PERSISTENT.NS,2026-07-22
PETRONET.NS,2026-07-23
PFIZER.NS,2026-08-12
PHOENIXLTD.NS,2026-07-23
PIDILITIND.NS,2026-08-04
PPLPHARMA.NS,2026-07-27
POLYCAB.NS,2026-10-15
POONAWALLA.NS,2026-07-17
PFC.NS,2026-08-05
POWERGRID.NS,2026-07-30
PRESTIGE.NS,2026-08-05
PNB.NS,2026-07-18
RBLBANK.NS,2026-07-17
RECLTD.NS,2026-07-23
RADICO.NS,2026-07-30
REDINGTON.NS,2026-07-29
RELIANCE.NS,2026-07-17
SBICARD.NS,2026-07-24
SBILIFE.NS,2026-07-24
SRF.NS,2026-07-22
SAMMAANCAP.NS,2026-08-13
MOTHERSON.NS,2026-08-13
SCHAEFFLER.NS,2026-07-22
SHREECEM.NS,2026-07-31
SHRIRAMFIN.NS,2026-07-24
SIEMENS.NS,2026-08-06
SOLARINDS.NS,2026-08-06
SONACOMS.NS,2026-04-30
SONATSOFTW.NS,2026-07-29
STARHEALTH.NS,2026-07-29
SBIN.NS,2026-08-06
SAIL.NS,2026-07-23
SUNPHARMA.NS,2026-07-31
SUNTV.NS,2026-08-07
SUNDARMFIN.NS,2026-08-03
SUPREMEIND.NS,2026-07-23
SUZLON.NS,2026-08-12
SYNGENE.NS,2026-07-29
TVSMOTOR.NS,2026-07-21
TATACHEM.NS,2026-07-24
TATACOMM.NS,2026-07-22
TCS.NS,2026-10-08
TATACONSUM.NS,2026-07-23
TATAELXSI.NS,2026-10-08
TMPV.NS,2026-08-06
TATAPOWER.NS,2026-07-31
TATASTEEL.NS,2026-07-29
TECHM.NS,2026-10-14
TEJASNET.NS,2026-07-21
NIACL.NS,2026-07-29
RAMCOCEM.NS,2026-08-06
THERMAX.NS,2026-07-30
TIMKEN.NS,2026-08-04
TITAN.NS,2026-08-06
TORNTPHARM.NS,2026-07-30
TORNTPOWER.NS,2026-08-04
TRENT.NS,2026-04-22
TIINDIA.NS,2026-07-30
UNOMINDA.NS,2026-08-06
UPL.NS,2026-07-31
ULTRACEMCO.NS,2026-07-20
UNIONBANK.NS,2026-07-15
UBL.NS,2026-08-04
UNITDSPR.NS,2026-08-13
VBL.NS,2026-07-28
VEDL.NS,2026-07-30
IDEA.NS,2026-08-13
VOLTAS.NS,2026-08-13
WHIRLPOOL.NS,2026-07-24
WIPRO.NS,2026-10-15
YESBANK.NS,2026-07-18
ZEEL.NS,2026-07-21
ZYDUSLIFE.NS,2026-08-12
